<?xml version="1.0" encoding="UTF-8" ?>
<!DOCTYPE log4j:configuration SYSTEM "log4j.dtd">
<log4j:configuration debug="true" xmlns:log4j='http://jakarta.apache.org/log4j/'>

  <appender name="file" class="org.apache.log4j.RollingFileAppender">
    <param name="maxFileSize" value="15MB"/>
    <param name="maxBackupIndex" value="30"/>
    <param name="file" value="/logs/mvs.log"/>
    <layout class="org.apache.log4j.PatternLayout">
      <param name="ConversionPattern" value="%d{yyyy-MM-dd HH:mm:ss} DM-LOG: level=%-5p thread='%t' class=%c{1} line=%L - %m%n"/>
    </layout>
  </appender>
  <appender name="console" class="org.apache.log4j.ConsoleAppender">
    <layout class="org.apache.log4j.PatternLayout">
      <param name="ConversionPattern" value="%d{yyyy-MM-dd HH:mm:ss} DM-LOG: level=%-5p thread='%t' class=%c{1} line=%L - %m%n"/>
    </layout>
  </appender>
  <logger name="springfox.documentation">
    <level value="ERROR"/>
  </logger>
  <root>
    <level value="INFO"/>
    <appender-ref ref="file"/>
    <appender-ref ref="console"/>
  </root>

</log4j:configuration>